,fixed acidity,volatile acidity,citric acid,residual sugar,chlorides,free sulfur dioxide,total sulfur dioxide,density,pH,sulphates,alcohol,quality
min,3.8,0.08,0.0,0.6,0.009,1.0,6.0,0.98711,2.72,0.22,8.0,3.0
mean,7.215307064799134,0.33966599969217015,0.3186332153301454,5.4432353393874156,0.0560338617823606,30.525319378174544,115.7445744189626,0.9946966338309922,3.2185008465445644,0.5312682776666163,10.491800831149478,5.818377712790519
max,15.9,1.58,1.66,65.8,0.611,289.0,440.0,1.03898,4.01,2.0,14.9,9.0
